lat,lon,year,AGB,clay,sand,silt,elev,annual_precip,peat_frac,Hydraulic_Stress,NDVI,precip_clay_interaction,groundwater_depth
-2.541666667,111.9583333,1993,65.59501402,369,280,353,25,2915.452949523926,3.2985629272564907,0.9994984954864594,0.6867356300354004,1075802.1383743286,260.2852961222331
-2.541666667,111.9583333,1994,60.98251909,369,280,353,25,2624.599528312683,3.2985629272564907,0.999498746867168,0.736608624,968477.2259473801,260.2852961222331
-2.541666667,111.9583333,1995,60.0375193,369,280,353,25,3164.1510622501373,3.2985629272564907,0.999498997995992,0.7366493344306946,1167571.7419703007,260.2852961222331
-2.541666667,111.9583333,1996,59.79502139,369,280,353,25,3016.043040037155,3.2985629272564907,0.99949924887331,0.8269712924957275,1112919.8817737103,260.2852961222331
-2.541666667,111.9583333,1997,57.0450105,369,280,353,25,2037.5988364219663,3.2985629272564907,0.9994994994994996,0.6708093285560608,751873.9706397055,260.2852961222331
-2.541666667,111.9583333,1998,57.02251532,369,280,353,25,3673.5040807724,3.2985629272564907,0.9994997498749376,0.4456168413162231,1355523.0058050156,260.2852961222331
-2.541666667,111.9583333,1999,60.07751939,369,280,353,25,3279.838092327118,3.2985629272564907,0.9995,0.3427172005176544,1210260.2560687065,260.2852961222331
-2.541666667,111.9583333,2000,59.69502158,369,280,353,25,3281.704326152801,3.2985629272564907,0.9995002498750624,0.7862841486930847,1210948.8963503835,260.2852961222331
-2.541666667,111.9583333,2001,63.72501597,369,280,353,25,3161.283612728119,3.2985629272564907,0.9995004995004996,0.7884920835494995,1166513.6530966759,260.2852961222331
-2.541666667,111.9583333,2002,66.78251328,369,280,353,25,2437.0212223529816,3.2985629272564907,0.9995007488766848,0.7393000000000001,899260.8310482502,260.2852961222331
-2.541666667,111.9583333,2003,63.66251623,369,280,353,25,2721.158592224121,3.2985629272564907,0.999500998003992,0.7813248038291931,1004107.5205307007,213.22927856445312
-2.541666667,111.9583333,2004,70.10751546,369,280,353,25,2337.7039756774902,3.2985629272564907,0.9995012468827932,0.7632060050964355,862612.7670249939,252.8760681152344
-2.541666667,111.9583333,2005,81.30252914,369,280,353,25,2745.6492099761963,3.2985629272564907,0.9995014955134596,0.8126348257064819,1013144.5584812164,273.2954406738281
-2.541666667,111.9583333,2006,89.44504456,369,280,353,25,2719.309786081314,3.2985629272564907,0.9995017438963628,0.7223057746887207,1003425.3110640049,226.10801696777344
-2.541666667,111.9583333,2007,71.01251343,369,280,353,25,3279.6511647701263,3.2985629272564907,0.9995019920318724,0.8101931810379028,1210191.2798001766,260.3643798828125
-2.541666667,111.9583333,2008,88.84504446,369,280,353,25,3575.4433364868164,3.2985629272564907,0.9995022399203584,0.7975591421127319,1319338.5911636353,256.5255126953125
-2.541666667,111.9583333,2009,87.19754575,369,280,353,25,2758.7075150609016,3.2985629272564907,0.9995024875621892,0.7836248278617859,1017963.0730574727,224.0420684814453
-2.541666667,111.9583333,2010,85.37505133,369,280,353,25,4398.859351873398,3.2985629272564907,0.9995027349577325,0.7866485118865967,1623179.1008412838,344.4319152832031
-2.541666667,111.9583333,2011,80.19505212,369,280,353,25,3163.5288227796555,3.2985629272564907,0.999502982107356,0.8007888793945312,1167342.1356056929,219.3420867919922
-2.541666667,111.9583333,2012,85.36505132,369,280,353,25,2565.146603822708,3.2985629272564907,0.9995032290114256,0.7528,946539.0968105793,231.6387481689453
-2.541666667,111.9583333,2013,75.29504243,369,280,353,25,2932.436814546585,3.2985629272564907,0.9995034756703078,0.308085393,1082069.18456769,264.3963928222656
-2.541666667,111.9583333,2014,72.34253308,369,280,353,25,2603.394765615464,3.2985629272564907,0.9995037220843672,0.156548051,960652.6685121063,207.5428924560547
-2.541666667,111.9583333,2015,83.82505127,369,280,353,25,2499.0873889923096,3.2985629272564907,0.9995039682539684,0.855481322,922163.2465381622,217.76217651367188
-2.541666667,111.9583333,2016,77.77004857,369,280,353,25,3403.1073698997498,3.2985629272564907,0.9995042141794744,0.87179831,1255746.6194930077,310.6091613769531
-2.541666667,111.9583333,2017,67.60253588,369,280,353,25,3215.309141755104,3.2985629272564907,0.9995044598612488,0.516794846,1186449.0733076334,289.28582763671875
-2.541666667,111.9583333,2018,66.80003593,369,280,353,25,2783.302115202877,3.2985629272564907,0.9995047052996532,0.841199173,1027038.4805098616,268.5122375488281
-2.541666667,111.9583333,2019,67.622535,369,280,353,25,2409.892571434786,3.2985629272564907,0.9995049504950496,0.874544366,889250.3588594361,294.60614013671875
-2.541666667,111.9583333,2020,66.02253593,369,280,353,25,3946.927682226524,3.2985629272564907,0.999505195447798,0.359590972,1456416.3147415875,330.5669860839844
-2.541666667,112.0416667,1993,77.4525195,366,292,345,36,2972.0900597572327,1.656877202956993,0.9994984954864594,0.7643441557884216,1087784.9618711472,308.32173411051434
-2.541666667,112.0416667,1994,73.02251227,366,292,345,36,2692.4616639614105,1.656877202956993,0.999498746867168,0.7967972755432129,985440.9690098763,308.32173411051434
-2.541666667,112.0416667,1995,72.86751107,366,292,345,36,3162.152910709381,1.656877202956993,0.999498997995992,0.7228732705116272,1157347.9653196335,308.32173411051434
-2.541666667,112.0416667,1996,72.75001038,366,292,345,36,3112.3519353866577,1.656877202956993,0.99949924887331,0.48010093,1139120.8083515167,308.32173411051434
-2.541666667,112.0416667,1997,66.59001459,366,292,345,36,2011.8437237739563,1.656877202956993,0.9994994994994996,0.3213291764259338,736334.802901268,308.32173411051434
-2.541666667,112.0416667,1998,67.97751268,366,292,345,36,3558.246013402939,1.656877202956993,0.9994997498749376,0.3156870305538177,1302318.0409054756,308.32173411051434
-2.541666667,112.0416667,1999,73.02250994,366,292,345,36,3412.922821521759,1.656877202956993,0.9995,0.7251151204109192,1249129.7526769638,308.32173411051434
-2.541666667,112.0416667,2000,72.9250095,366,292,345,36,3296.572650909424,1.656877202956993,0.9995002498750624,0.7104431986808777,1206545.5902328491,308.32173411051434
-2.541666667,112.0416667,2001,77.31501941,366,292,345,36,3126.481912136078,1.656877202956993,0.9995004995004996,0.7001585364341736,1144292.3798418045,308.32173411051434
-2.541666667,112.0416667,2002,77.4525195,366,292,345,36,2482.583889484405,1.656877202956993,0.9995007488766848,0.7777000000000001,908625.7035512923,308.32173411051434
-2.541666667,112.0416667,2003,71.87751047,366,292,345,36,2738.3400653600693,1.656877202956993,0.999500998003992,0.6578251123428345,1002232.4639217854,256.75885009765625
-2.541666667,112.0416667,2004,76.14252764,366,292,345,36,2331.967123031616,1.656877202956993,0.9995012468827932,0.7186533808708191,853499.9670295715,328.697998046875
-2.541666667,112.0416667,2005,81.94251836,366,292,345,36,2716.469094514847,1.656877202956993,0.9995014955134596,0.8241980671882629,994227.6885924339,349.2362670898437
-2.541666667,112.0416667,2006,83.73001044,366,292,345,36,2706.9769990444183,1.656877202956993,0.9995017438963628,0.7383793592453003,990753.5816502571,269.4506225585937
-2.541666667,112.0416667,2007,78.66002519,366,292,345,36,3235.694447040558,1.656877202956993,0.9995019920318724,0.8262828588485718,1184264.1676168442,333.8148498535156
-2.541666667,112.0416667,2008,80.7425222,366,292,345,36,3587.6965429782867,1.656877202956993,0.9995022399203584,0.767454207,1313096.934730053,330.8658142089844
-2.541666667,112.0416667,2009,81.97251797,366,292,345,36,2767.736750125885,1.656877202956993,0.9995024875621892,0.800712526,1012991.6505460739,270.1690979003906
-2.541666667,112.0416667,2010,82.22751661,366,292,345,36,4353.563986778259,1.656877202956993,0.9995027349577325,0.8185285329818726,1593404.419160843,367.7217712402344
-2.541666667,112.0416667,2011,83.87251057,366,292,345,36,3207.2083032131195,1.656877202956993,0.999502982107356,0.7629084587097168,1173838.2389760017,268.95977783203125
-2.541666667,112.0416667,2012,83.37751239,366,292,345,36,2624.3066866397858,1.656877202956993,0.9995032290114256,0.7851,960496.2473101616,274.510986328125
-2.541666667,112.0416667,2013,80.90001104,366,292,345,36,2959.237878918648,1.656877202956993,0.9995034756703078,0.827296852,1083081.0636842253,319.6205444335937
-2.541666667,112.0416667,2014,78.75751116,366,292,345,36,2633.046664953232,1.656877202956993,0.9995037220843672,0.736051746,963695.0793728828,243.7377166748047
-2.541666667,112.0416667,2015,84.01500903,366,292,345,36,2504.480815410614,1.656877202956993,0.9995039682539684,0.840392486,916639.9784402847,237.36181640625
-2.541666667,112.0416667,2016,83.13750911,366,292,345,36,3443.496195912361,1.656877202956993,0.9995042141794744,0.856433301,1260319.6077039242,342.9263000488281
-2.541666667,112.0416667,2017,67.5725169,366,292,345,36,3233.129089832306,1.656877202956993,0.9995044598612488,0.73206559,1183325.246878624,345.732421875
-2.541666667,112.0416667,2018,68.7500154,366,292,345,36,2798.351103061564,1.656877202956993,0.9995047052996532,0.670072963,1024196.5037205325,328.5901184082031
-2.541666667,112.0416667,2019,68.23001613,366,292,345,36,2373.4149740085413,1.656877202956993,0.9995049504950496,0.888477167,868669.8804871261,318.99609375
-2.541666667,112.0416667,2020,68.95751642,366,292,345,36,3871.7353456132114,1.656877202956993,0.999505195447798,0.374270941,1417055.1364944354,362.6401672363281
-2.541666667,112.2916667,1993,64.69502071,383,260,360,34,2911.2324357032776,8.58973634102075,0.9994984954864594,0.7244921922683716,1115002.0228743553,261.2054892645942
-2.541666667,112.2916667,1994,64.35001966,383,260,360,34,2679.9022241830826,8.58973634102075,0.999498746867168,0.7159783840179443,1026402.5518621206,261.2054892645942
-2.541666667,112.2916667,1995,65.31751909,383,260,360,34,3101.219701766968,8.58973634102075,0.999498997995992,0.5077261924743652,1187767.1457767487,261.2054892645942
-2.541666667,112.2916667,1996,65.15002086,383,260,360,34,3070.964869260788,8.58973634102075,0.99949924887331,0.746586263,1176179.5449268818,261.2054892645942
-2.541666667,112.2916667,1997,64.52502081,383,260,360,34,1926.56982421875,8.58973634102075,0.9994994994994996,0.5873451828956604,737876.2426757812,261.2054892645942
-2.541666667,112.2916667,1998,63.05501769,383,260,360,34,3341.885355949402,8.58973634102075,0.9994997498749376,0.5244790315628052,1279942.091328621,261.2054892645942
-2.541666667,112.2916667,1999,64.89751822,383,260,360,34,3223.0102643966675,8.58973634102075,0.9995,0.7325127124786377,1234412.9312639236,261.2054892645942
-2.541666667,112.2916667,2000,64.45251819,383,260,360,34,3234.360238552093,8.58973634102075,0.9995002498750624,0.6848307251930237,1238759.9713654516,261.2054892645942
-2.541666667,112.2916667,2001,63.82752974,383,260,360,34,3065.761543989181,8.58973634102075,0.9995004995004996,0.3363203108310699,1174186.6713478563,261.2054892645942
-2.541666667,112.2916667,2002,59.64003795,383,260,360,34,2467.407880783081,8.58973634102075,0.9995007488766848,0.5847,945017.21833992,261.2054892645942
-2.541666667,112.2916667,2003,62.55501851,383,260,360,34,2759.3893142938614,8.58973634102075,0.999500998003992,0.6321775132516022,1056846.107374549,221.18028259277344
-2.541666667,112.2916667,2004,66.16002815,383,260,360,34,2358.185627222061,8.58973634102075,0.9995012468827932,0.6889356374740601,903185.0952260494,237.70706176757807
-2.541666667,112.2916667,2005,63.8075298,383,260,360,34,2605.28920006752,8.58973634102075,0.9995014955134596,0.6282384991645813,997825.7636258602,271.41424560546875
-2.541666667,112.2916667,2006,61.00253176,383,260,360,34,2656.849057197571,8.58973634102075,0.9995017438963628,0.7156409025192261,1017573.1889066696,243.06741333007807
-2.541666667,112.2916667,2007,64.86751796,383,260,360,34,3271.8993040323257,8.58973634102075,0.9995019920318724,0.8154851794242859,1253137.4334443808,264.4679260253906
-2.541666667,112.2916667,2008,65.95002478,383,260,360,34,3488.0804759263992,8.58973634102075,0.9995022399203584,0.7482244372367859,1335934.822279811,269.7929992675781
-2.541666667,112.2916667,2009,63.7775294,383,260,360,34,2751.6203203201294,8.58973634102075,0.9995024875621892,0.677309513,1053870.5826826096,240.49420166015625
-2.541666667,112.2916667,2010,49.53254357,383,260,360,34,4324.081456184387,8.58973634102075,0.9995027349577325,0.7402520775794983,1656123.1977186203,332.27166748046875
-2.541666667,112.2916667,2011,48.70004417,383,260,360,34,3212.828409671783,8.58973634102075,0.999502982107356,0.5586075186729431,1230513.2809042928,233.83468627929688
-2.541666667,112.2916667,2012,48.46004329,383,260,360,34,2606.9879956245422,8.58973634102075,0.9995032290114256,0.76,998476.4023241997,251.7559356689453
-2.541666667,112.2916667,2013,42.16003601,383,260,360,34,2943.303789615631,8.58973634102075,0.9995034756703078,0.262534084,1127285.3514227867,274.22381591796875
-2.541666667,112.2916667,2014,38.597537,383,260,360,34,2636.594690322876,8.58973634102075,0.9995037220843672,0.123912504,1009815.7663936615,227.0087127685547
-2.541666667,112.2916667,2015,44.58253539,383,260,360,34,2508.0394711494446,8.58973634102075,0.9995039682539684,0.624964961,960579.1174502373,235.53570556640625
-2.541666667,112.2916667,2016,45.94504066,383,260,360,34,3363.9854304790497,8.58973634102075,0.9995042141794744,0.866381985,1288406.419873476,293.3817443847656
-2.541666667,112.2916667,2017,35.68004024,383,260,360,34,3137.2053278684616,8.58973634102075,0.9995044598612488,0.742676136,1201549.6405736208,276.3212280273437
-2.541666667,112.2916667,2018,37.25753768,383,260,360,34,2791.832502857576,8.58973634102075,0.9995047052996532,0.788646456,1069271.8485944516,259.4686889648437
-2.541666667,112.2916667,2019,34.80004142,383,260,360,34,2275.5297359228134,8.58973634102075,0.9995049504950496,0.415867474,871527.8888584375,265.5254821777344
-2.541666667,112.2916667,2020,35.00254144,383,260,360,34,3769.779573746957,8.58973634102075,0.999505195447798,0.766144498,1443825.5767450845,304.2470092773437
-2.625,112.0416667,1993,142.2924954,381,281,340,49,2938.66548204422,6.998666731000252,0.9994984954864594,0.7620923519134521,1119631.5486588478,308.32173411051434
-2.625,112.0416667,1994,140.5699991,381,281,340,49,2649.675963163376,6.998666731000252,0.999498746867168,0.7858986854553223,1009526.5419652462,308.32173411051434
-2.625,112.0416667,1995,140.2524985,381,281,340,49,3128.0786101818085,6.998666731000252,0.999498997995992,0.7804352045059204,1191797.950479269,308.32173411051434
-2.625,112.0416667,1996,140.3324995,381,281,340,49,3068.7682695388794,6.998666731000252,0.99949924887331,0.8131919503211975,1169200.710694313,308.32173411051434
-2.625,112.0416667,1997,141.3524687,381,281,340,49,1983.4618616104128,6.998666731000252,0.9994994994994996,0.6281934976577759,755698.9692735673,308.32173411051434
-2.625,112.0416667,1998,136.5699871,381,281,340,49,3521.7873525619507,6.998666731000252,0.9994997498749376,0.6212905049324036,1341800.9813261032,308.32173411051434
-2.625,112.0416667,1999,140.2824994,381,281,340,49,3372.65646648407,6.998666731000252,0.9995,0.6699821949005127,1284982.1137304306,308.32173411051434
-2.625,112.0416667,2000,140.2899994,381,281,340,49,3283.766800403595,6.998666731000252,0.9995002498750624,0.7473109364509583,1251115.1509537697,308.32173411051434
-2.625,112.0416667,2001,141.6124967,381,281,340,49,3047.302161216736,6.998666731000252,0.9995004995004996,0.8257520794868469,1161022.1234235764,308.32173411051434
-2.625,112.0416667,2002,141.1799967,381,281,340,49,2407.6551327705383,6.998666731000252,0.9995007488766848,0.788,917316.6055855751,308.32173411051434
-2.625,112.0416667,2003,133.8025013,381,281,340,49,2682.879319667816,6.998666731000252,0.999500998003992,0.6835030679859422,1022177.020793438,256.75885009765625
-2.625,112.0416667,2004,143.1699917,381,281,340,49,2293.3479565382004,6.998666731000252,0.9995012468827932,0.7440891265869141,873765.5714410543,328.697998046875
-2.625,112.0416667,2005,135.6949639,381,281,340,49,2626.643719434738,6.998666731000252,0.9995014955134596,0.8214005827903748,1000751.2571046352,349.2362670898437
-2.625,112.0416667,2006,135.6149645,381,281,340,49,2656.158291101456,6.998666731000252,0.9995017438963628,0.4769673645496368,1011996.3089096547,269.4506225585937
-2.625,112.0416667,2007,135.4750013,381,281,340,49,3205.217131137848,6.998666731000252,0.9995019920318724,0.6045505404472351,1221187.72696352,333.8148498535156
-2.625,112.0416667,2008,140.0649991,381,281,340,49,3458.557082891464,6.998666731000252,0.9995022399203584,0.7587702870368958,1317710.2485816476,330.8658142089844
-2.625,112.0416667,2009,141.6399961,381,281,340,49,2720.4932680130005,6.998666731000252,0.9995024875621892,0.8067973256111145,1036507.9351129532,270.1690979003906
-2.625,112.0416667,2010,136.7249737,381,281,340,49,4283.657648324966,6.998666731000252,0.9995027349577325,0.7612654566764832,1632073.5640118122,367.7217712402344
-2.625,112.0416667,2011,134.3224657,381,281,340,49,3113.8622307777405,6.998666731000252,0.999502982107356,0.5178411602973938,1186381.5099263191,268.95977783203125
-2.625,112.0416667,2012,134.8224729,381,281,340,49,2539.423969149589,6.998666731000252,0.9995032290114256,0.7924,967520.5322459935,274.510986328125
-2.625,112.0416667,2013,134.7799601,381,281,340,49,2858.9403899908066,6.998666731000252,0.9995034756703078,0.79955459,1089256.2885864973,319.6205444335937
-2.625,112.0416667,2014,132.8199537,381,281,340,49,2587.9621126651764,6.998666731000252,0.9995037220843672,0.099887344,986013.5649254322,243.7377166748047
-2.625,112.0416667,2015,134.5849675,381,281,340,49,2502.4383487701416,6.998666731000252,0.9995039682539684,0.633703744,953429.010881424,237.36181640625
-2.625,112.0416667,2016,134.1049708,381,281,340,49,3481.3340215682983,6.998666731000252,0.9995042141794744,0.692574825,1326388.2622175217,342.9263000488281
-2.625,112.0416667,2017,125.3524347,381,281,340,49,3217.3322880268097,6.998666731000252,0.9995044598612488,0.735784083,1225803.6017382145,345.732421875
-2.625,112.0416667,2018,130.1024355,381,281,340,49,2768.4958594698373,6.998666731000252,0.9995047052996532,0.700622892,1054796.922458008,328.5901184082031
-2.625,112.0416667,2019,127.5599342,381,281,340,49,2295.6883184241306,6.998666731000252,0.9995049504950496,0.802242928,874657.2493195938,318.99609375
-2.625,112.0416667,2020,135.9549406,381,281,340,49,3826.488522890024,6.998666731000252,0.999505195447798,0.28398318,1457892.127221099,362.6401672363281
-2.708333333,112.4583333,1993,90.82002438,369,257,375,29,2733.430015563965,8.67435134514654,0.9994984954864594,0.5289106369018555,1008635.675743103,261.2054892645942
-2.708333333,112.4583333,1994,88.97752279,369,257,375,29,2508.914229393006,8.67435134514654,0.999498746867168,0.4362644851207733,925789.3506460191,261.2054892645942
-2.708333333,112.4583333,1995,88.55501857,369,257,375,29,3185.235365629196,8.67435134514654,0.999498997995992,0.5829159617424011,1175351.8499171734,261.2054892645942
-2.708333333,112.4583333,1996,89.71002386,369,257,375,29,3004.618383646012,8.67435134514654,0.99949924887331,0.5515761971473694,1108704.1835653784,261.2054892645942
-2.708333333,112.4583333,1997,81.03000558,369,257,375,29,1851.248185873032,8.67435134514654,0.9994994994994996,0.4854185283184051,683110.5805871488,261.2054892645942
-2.708333333,112.4583333,1998,78.69500096,369,257,375,29,3220.1335411071777,8.67435134514654,0.9994997498749376,0.552161694,1188229.2766685486,261.2054892645942
-2.708333333,112.4583333,1999,81.58250833,369,257,375,29,3090.809625387192,8.67435134514654,0.9995,0.4706510901451111,1140508.751767874,261.2054892645942
-2.708333333,112.4583333,2000,85.51751422,369,257,375,29,3228.146310567856,8.67435134514654,0.9995002498750624,0.5835556387901306,1191185.9885995388,261.2054892645942
-2.708333333,112.4583333,2001,92.16502689,369,257,375,29,2934.6439864635468,8.67435134514654,0.9995004995004996,0.6466631889343262,1082883.6310050488,261.2054892645942
-2.708333333,112.4583333,2002,94.66002654,369,257,375,29,2444.1687257289886,8.67435134514654,0.9995007488766848,0.6381,901898.2597939968,261.2054892645942
-2.708333333,112.4583333,2003,77.2324977,369,257,375,29,2732.423328399658,8.67435134514654,0.999500998003992,0.5844065308433521,1008264.2081794739,221.18028259277344
-2.708333333,112.4583333,2004,78.64000106,369,257,375,29,2369.201403856277,8.67435134514654,0.9995012468827932,0.4798882305622101,874235.3180229663,237.70706176757807
-2.708333333,112.4583333,2005,78.74500024,369,257,375,29,2488.4256060123444,8.67435134514654,0.9995014955134596,0.3513307273387909,918229.0486185551,271.41424560546875
-2.708333333,112.4583333,2006,76.02999744,369,257,375,29,2577.8548871278763,8.67435134514654,0.9995017438963628,0.2552438378334045,951228.4533501863,243.06741333007807
-2.708333333,112.4583333,2007,47.65750018,369,257,375,29,3126.485363006592,8.67435134514654,0.9995019920318724,0.61270541,1153673.0989494324,264.4679260253906
-2.708333333,112.4583333,2008,70.39749426,369,257,375,29,3457.283644199372,8.67435134514654,0.9995022399203584,0.5796982645988464,1275737.6647095683,269.7929992675781
-2.708333333,112.4583333,2009,78.91250086,369,257,375,29,2727.2328672409058,8.67435134514654,0.9995024875621892,0.6471932530403137,1006348.9280118942,240.49420166015625
-2.708333333,112.4583333,2010,82.7900085,369,257,375,29,4278.675091505051,8.67435134514654,0.9995027349577325,0.7202622890472412,1578831.1087653637,332.27166748046875
-2.708333333,112.4583333,2011,96.22502612,369,257,375,29,3137.7156212329865,8.67435134514654,0.999502982107356,0.7428990602493286,1157817.064234972,233.83468627929688
-2.708333333,112.4583333,2012,96.43752682,369,257,375,29,2508.292024254799,8.67435134514654,0.9995032290114256,0.8136,925559.7569500208,251.7559356689453
-2.708333333,112.4583333,2013,55.63250589,369,257,375,29,2883.091834306717,8.67435134514654,0.9995034756703078,0.799595707,1063860.8868591785,274.22381591796875
-2.708333333,112.4583333,2014,53.70751008,369,257,375,29,2528.3637629151344,8.67435134514654,0.9995037220843672,0.081249599,932966.2285156846,227.0087127685547
-2.708333333,112.4583333,2015,55.98750493,369,257,375,29,2475.726220369339,8.67435134514654,0.9995039682539684,0.835100395,913542.9753162861,235.53570556640625
-2.708333333,112.4583333,2016,55.72000449,369,257,375,29,3460.193583250046,8.67435134514654,0.9995042141794744,0.715113418,1276811.432219267,293.3817443847656
-2.708333333,112.4583333,2017,32.93500403,369,257,375,29,3068.9624703526497,8.67435134514654,0.9995044598612488,0.708377559,1132447.1515601277,276.3212280273437
-2.708333333,112.4583333,2018,63.39000134,369,257,375,29,2744.290079504498,8.67435134514654,0.9995047052996532,0.735376585,1012643.0393371597,259.4686889648437
-2.708333333,112.4583333,2019,39.45750198,369,257,375,29,2187.8318670988083,8.67435134514654,0.9995049504950496,0.753720302,807309.9589594603,265.5254821777344
-2.708333333,112.4583333,2020,33.91250527,369,257,375,29,3608.780754644657,8.67435134514654,0.999505195447798,0.471404274,1331640.0984638785,304.2470092773437
